
mysql> select distinct as_num from db_20170903 limit 20;
+--------+
| as_num |
+--------+
|   7713 |
|  63949 |
|   3462 |
|  14117 |
|   4835 |
|   8048 |
|   3786 |
|   2516 |
|   9394 |
|   7018 |
|  12714 |
|  43668 |
|  25019 |
|   9829 |
|   2609 |
|   9498 |
|  15704 |
|  45899 |
|  47794 |
|  12389 |
+--------+
20 rows in set (0.01 sec)

mysql> select count(distinct vhash) from db_20170903 where as_num = "14117";
+-----------------------+
| count(distinct vhash) |
+-----------------------+
|                     4 |
+-----------------------+
1 row in set (30.26 sec)

2017-09-07 List
4837:	201115
4134:	138516
63949:	33195
10439:	10737
2516:	4724
4808:	3139
12876:	2855
38731:	2473
3462:	2136
16509:	1835
14618:	1074
45899:	999
9318:	985
3786:	759
9394:	554
9121:	368
7018:	326
25019:	293
8048:	251
58519:	221
7713:	192
20001:	156
23969:	150
37053:	90
18881:	75
132203:	71
9829:	56
18809:	48
2860:	43
12389:	42
9198:	36
12714:	34
6400:	20
17676:	20
33387:	14
28745:	14
35805:	13
37492:	11
8402:	9
17809:	9
45727:	8
8369:	5
17451:	5
57043:	3
49037:	3
48437:	3
4800:	3
34797:	3
32097:	3
197695:	3
9123:	2
53828:	2
51812:	2
45726:	2
21182:	2
196705:	2
19084:	2
17727:	2
16906:	2
16524:	2

2017-09-10 List
45090:	1529
4837:	183423
10439:	8860
51069:	2
4134:	139536
63199:	21531
7713:	149
8048:	109
12400:	18
6849:	10
10010:	5
32748:	19892
7018:	563
51995:	2
26611:	2
24560:	64
207651:	2
4761:	3
63949:	26649
41435:	4
47331:	369
20552:	1
202425:	7567
3462:	2241
18187:	2
3215:	113
12389:	1325
56534:	2
9808:	3325
9924:	22
20473:	7
2516:	1265
16276:	2080
210756:	2
49505:	9
8402:	9
12714:	130
39822:	2
45727:	2
28812:	3
4808:	3811
4812:	4263
50673:	3
18403:	95
28506:	2
14265:	7
45117:	18
8452:	164
3352:	65
24309:	7
133334:	2
46032:	2
30822:	2
45899:	435
24812:	4
21479:	4
60754:	2
17676:	21
53340:	4349
37489:	2
